<TaskerData sr="" dvi="1" tv="5.2.bf1">
	<dmetric>1080.0,1920.0</dmetric>
	<Profile sr="prof158" ve="2">
		<cdate>1556955115059</cdate>
		<clp>true</clp>
		<edate>1556931070338</edate>
		<id>158</id>
		<mid0>157</mid0>
		<nme>-= Dynamic-WIPE v5.0 =-</nme>
		<Event sr="con0" ve="2">
			<code>411</code>
			<pri>0</pri>
		</Event>
	</Profile>
	<Profile sr="prof159" ve="2">
		<cdate>1556955115068</cdate>
		<clp>true</clp>
		<edate>1556931073438</edate>
		<id>159</id>
		<mid0>149</mid0>
		<nme>balance mode</nme>
		<Event sr="con0" ve="2">
			<code>208</code>
		</Event>
	</Profile>
	<Profile sr="prof160" ve="2">
		<cdate>1556955115076</cdate>
		<clp>true</clp>
		<edate>1556931072319</edate>
		<id>160</id>
		<mid0>150</mid0>
		<nme>powersave mode</nme>
		<Event sr="con0" ve="2">
			<code>210</code>
		</Event>
	</Profile>
	<Profile sr="prof161" ve="2">
		<cdate>1556955115090</cdate>
		<clp>true</clp>
		<edate>1556928293857</edate>
		<id>161</id>
		<limit>true</limit>
		<mid0>152</mid0>
		<nme>standby mode</nme>
		<Event sr="con0" ve="2">
			<code>210</code>
		</Event>
	</Profile>
	<Profile sr="prof162" ve="2">
		<cdate>1556955115103</cdate>
		<clp>true</clp>
		<edate>1556928272671</edate>
		<flags>16</flags>
		<id>162</id>
		<limit>true</limit>
		<mid0>156</mid0>
		<mid1>149</mid1>
		<nme>fast mode</nme>
		<App sr="con0" ve="2">
			<cls0>com.epicgames.ue4.SplashActivity</cls0>
			<flags>3</flags>
			<label0>绝地求生 刺激战场</label0>
			<pkg0>com.tencent.tmgp.pubgmhd</pkg0>
		</App>
	</Profile>
	<Profile sr="prof163" ve="2">
		<cdate>1556955115109</cdate>
		<clp>true</clp>
		<edate>1556931074357</edate>
		<flags>16</flags>
		<id>163</id>
		<mid0>155</mid0>
		<mid1>149</mid1>
		<nme>performance mode</nme>
		<App sr="con0" ve="2">
			<cls0>com.epicgames.ue4.SplashActivity</cls0>
			<flags>3</flags>
			<label0>绝地求生 刺激战场</label0>
			<pkg0>com.tencent.tmgp.pubgmhd</pkg0>
		</App>
	</Profile>
	<Project sr="proj0" ve="2">
		<cdate>1528599543668</cdate>
		<name>Dynamic WIPE</name>
		<pids>162,160,163,161,158,159</pids>
		<scenes>SelectSOC</scenes>
		<tids>147,150,154,148,151,156,153,149,155,157,152</tids>
		<Img sr="icon" ve="2">
			<nme>mw_action_settings</nme>
		</Img>
	</Project>
	<Scene sr="sceneSelectSOC">
		<cdate>1556894252305</cdate>
		<edate>1556955497122</edate>
		<heightLand>-1</heightLand>
		<heightPort>360</heightPort>
		<nme>SelectSOC</nme>
		<widthLand>-1</widthLand>
		<widthPort>696</widthPort>
		<TextElement sr="elements0" ve="3">
			<flags>4</flags>
			<geom>0,0,695,80,283,77,273,102</geom>
			<Str sr="arg0" ve="3">文字1</Str>
			<Str sr="arg1" ve="3">请选择设备型号</Str>
			<Int sr="arg2" val="20"/>
			<Int sr="arg3" val="100"/>
			<Str sr="arg4" ve="3">#91989F</Str>
			<Str sr="arg5" ve="3"/>
			<Int sr="arg6" val="0"/>
			<Int sr="arg7" val="0"/>
			<Int sr="arg8" val="0"/>
			<RectElement sr="background">
				<flags>4</flags>
				<geom>-1,-1,-1,-1,-1,-1,-1,-1</geom>
				<Str sr="arg0" ve="3"/>
				<Int sr="arg1" val="0"/>
				<Str sr="arg2" ve="3"/>
				<Str sr="arg3" ve="3"/>
				<Int sr="arg4" val="0"/>
				<Str sr="arg5" ve="3">#FF000000</Str>
				<Int sr="arg6" val="0"/>
				<Int sr="arg7" val="0"/>
			</RectElement>
		</TextElement>
		<TextElement sr="elements1" ve="3">
			<flags>4</flags>
			<geom>54,130,146,74,103,178,147,109</geom>
			<Str sr="arg0" ve="3">文字2</Str>
			<Str sr="arg1" ve="3">SOC：</Str>
			<Int sr="arg2" val="12"/>
			<Int sr="arg3" val="100"/>
			<Str sr="arg4" ve="3">#91989F</Str>
			<Str sr="arg5" ve="3"/>
			<Int sr="arg6" val="0"/>
			<Int sr="arg7" val="0"/>
			<Int sr="arg8" val="0"/>
			<RectElement sr="background">
				<flags>4</flags>
				<geom>-1,-1,-1,-1,-1,-1,-1,-1</geom>
				<Str sr="arg0" ve="3"/>
				<Int sr="arg1" val="0"/>
				<Str sr="arg2" ve="3"/>
				<Str sr="arg3" ve="3"/>
				<Int sr="arg4" val="0"/>
				<Str sr="arg5" ve="3">#FF000000</Str>
				<Int sr="arg6" val="0"/>
				<Int sr="arg7" val="0"/>
			</RectElement>
		</TextElement>
		<SpinnerElement sr="elements2">
			<flags>4</flags>
			<geom>152,106,514,123,150,244,607,168</geom>
			<itemselectedTask>151</itemselectedTask>
			<Str sr="arg0" ve="3">下拉列表</Str>
			<Int sr="arg1" val="0"/>
			<Str sr="arg2" ve="3"/>
			<Scene sr="arg3">
				<Scene sr="val">
					<cdate>1556899685482</cdate>
					<edate>1556899685482</edate>
					<gridSize>16</gridSize>
					<heightLand>168</heightLand>
					<heightPort>168</heightPort>
					<nme>spinner</nme>
					<widthLand>607</widthLand>
					<widthPort>511</widthPort>
					<ImageElement sr="elements0" ve="2">
						<flags>1</flags>
						<geom>358,15,153,137,438,15,153,137</geom>
						<Str sr="arg0" ve="3">Icon</Str>
						<Img sr="arg1" ve="2">
							<nme>hd_aaa_ext_tiles_small</nme>
						</Img>
						<Int sr="arg2" val="255"/>
					</ImageElement>
					<TextElement sr="elements1" ve="3">
						<flags>5</flags>
						<geom>112,15,310,137,112,15,310,137</geom>
						<Str sr="arg0" ve="3">Label</Str>
						<Str sr="arg1" ve="3"/>
						<Int sr="arg2" val="22"/>
						<Int sr="arg3" val="100"/>
						<Str sr="arg4" ve="3">#FFFFFFFF</Str>
						<Str sr="arg5" ve="3"/>
						<Int sr="arg6" val="3"/>
						<Int sr="arg7"/>
						<Int sr="arg8"/>
					</TextElement>
					<TextElement sr="elements2" ve="3">
						<flags>1</flags>
						<geom>15,15,96,137,15,15,96,137</geom>
						<Str sr="arg0" ve="3">Index</Str>
						<Str sr="arg1" ve="3">1.</Str>
						<Int sr="arg2" val="22"/>
						<Int sr="arg3" val="100"/>
						<Str sr="arg4" ve="3">#FFFFFFFF</Str>
						<Str sr="arg5" ve="3"/>
						<Int sr="arg6" val="3"/>
						<Int sr="arg7"/>
						<Int sr="arg8"/>
					</TextElement>
					<PropertiesElement sr="props">
						<Int sr="arg0" val="1"/>
						<Int sr="arg1" val="0"/>
						<Str sr="arg2" ve="3">#00000000</Str>
						<Int sr="arg3" val="0"/>
						<Str sr="arg4" ve="3">spinner</Str>
						<Str sr="arg5" ve="3"/>
						<Img sr="arg6" ve="2"/>
						<Str sr="arg7" ve="3"/>
					</PropertiesElement>
				</Scene>
			</Scene>
			<Str sr="arg4" ve="3">#70434343</Str>
			<ListElementItem sr="item0">
				<label>骁龙 835</label>
				<sel>true</sel>
				<Action sr="action" ve="7">
					<code>547</code>
					<Str sr="arg0" ve="3">%SOC</Str>
					<Str sr="arg1" ve="3">sd835</Str>
					<Int sr="arg2" val="0"/>
					<Int sr="arg3" val="0"/>
					<Int sr="arg4" val="0"/>
				</Action>
			</ListElementItem>
			<ListElementItem sr="item1">
				<label>骁龙 821@2.0g</label>
				<Action sr="action" ve="7">
					<code>547</code>
					<Str sr="arg0" ve="3">%SOC</Str>
					<Str sr="arg1" ve="3">sd821_v1</Str>
					<Int sr="arg2" val="0"/>
					<Int sr="arg3" val="0"/>
					<Int sr="arg4" val="0"/>
				</Action>
			</ListElementItem>
			<ListElementItem sr="item2">
				<label>骁龙 821@2.1g</label>
				<Action sr="action" ve="7">
					<code>547</code>
					<Str sr="arg0" ve="3">%SOC</Str>
					<Str sr="arg1" ve="3">sd821_v2</Str>
					<Int sr="arg2" val="0"/>
					<Int sr="arg3" val="0"/>
					<Int sr="arg4" val="0"/>
				</Action>
			</ListElementItem>
			<ListElementItem sr="item3">
				<label>骁龙 821@2.3g</label>
				<Action sr="action" ve="7">
					<code>547</code>
					<Str sr="arg0" ve="3">%SOC</Str>
					<Str sr="arg1" ve="3">sd821_v3</Str>
					<Int sr="arg2" val="0"/>
					<Int sr="arg3" val="0"/>
					<Int sr="arg4" val="0"/>
				</Action>
			</ListElementItem>
			<ListElementItem sr="item4">
				<label>骁龙 820</label>
				<Action sr="action" ve="7">
					<code>547</code>
					<Str sr="arg0" ve="3">%SOC</Str>
					<Str sr="arg1" ve="3">sd820</Str>
					<Int sr="arg2" val="0"/>
					<Int sr="arg3" val="0"/>
					<Int sr="arg4" val="0"/>
				</Action>
			</ListElementItem>
			<ListElementItem sr="item5">
				<label>骁龙 660</label>
				<Action sr="action" ve="7">
					<code>547</code>
					<Str sr="arg0" ve="3">%SOC</Str>
					<Str sr="arg1" ve="3">sdm660</Str>
					<Int sr="arg2" val="0"/>
					<Int sr="arg3" val="0"/>
					<Int sr="arg4" val="0"/>
				</Action>
			</ListElementItem>
			<ListElementItem sr="item6">
				<label>骁龙 650/652/653</label>
				<Action sr="action" ve="7">
					<code>547</code>
					<Str sr="arg0" ve="3">%SOC</Str>
					<Str sr="arg1" ve="3">sd650_652_653</Str>
					<Int sr="arg2" val="0"/>
					<Int sr="arg3" val="0"/>
					<Int sr="arg4" val="0"/>
				</Action>
			</ListElementItem>
			<ListElementItem sr="item7">
				<label>骁龙 636</label>
				<Action sr="action" ve="7">
					<code>547</code>
					<Str sr="arg0" ve="3">%SOC</Str>
					<Str sr="arg1" ve="3">sdm636</Str>
					<Int sr="arg2" val="0"/>
					<Int sr="arg3" val="0"/>
					<Int sr="arg4" val="0"/>
				</Action>
			</ListElementItem>
			<ListElementItem sr="item8">
				<label>骁龙 626</label>
				<Action sr="action" ve="7">
					<code>547</code>
					<Str sr="arg0" ve="3">%SOC</Str>
					<Str sr="arg1" ve="3">sdm626</Str>
					<Int sr="arg2" val="0"/>
					<Int sr="arg3" val="0"/>
					<Int sr="arg4" val="0"/>
				</Action>
			</ListElementItem>
			<ListElementItem sr="item9">
				<label>骁龙 625</label>
				<Action sr="action" ve="7">
					<code>547</code>
					<Str sr="arg0" ve="3">%SOC</Str>
					<Str sr="arg1" ve="3">sdm625</Str>
					<Int sr="arg2" val="0"/>
					<Int sr="arg3" val="0"/>
					<Int sr="arg4" val="0"/>
				</Action>
			</ListElementItem>
		</SpinnerElement>
		<TextElement sr="elements3" ve="3">
			<clickTask>154</clickTask>
			<flags>4</flags>
			<geom>274,277,146,49,393,520,173,99</geom>
			<Str sr="arg0" ve="3">文字3</Str>
			<Str sr="arg1" ve="3">下载</Str>
			<Int sr="arg2" val="16"/>
			<Int sr="arg3" val="100"/>
			<Str sr="arg4" ve="3">#FFFFFFFF</Str>
			<Str sr="arg5" ve="3"/>
			<Int sr="arg6" val="0"/>
			<Int sr="arg7" val="0"/>
			<Int sr="arg8" val="0"/>
			<RectElement sr="background">
				<flags>4</flags>
				<geom>-1,-1,-1,-1,-1,-1,-1,-1</geom>
				<Str sr="arg0" ve="3"/>
				<Int sr="arg1" val="0"/>
				<Str sr="arg2" ve="3">#FF1A73E9</Str>
				<Str sr="arg3" ve="3"/>
				<Int sr="arg4" val="0"/>
				<Str sr="arg5" ve="3">#FF000000</Str>
				<Int sr="arg6" val="0"/>
				<Int sr="arg7" val="0"/>
			</RectElement>
		</TextElement>
		<PropertiesElement sr="props">
			<Int sr="arg0" val="1"/>
			<Int sr="arg1" val="0"/>
			<Str sr="arg2" ve="3">#A43A3226</Str>
			<Int sr="arg3" val="0"/>
			<Str sr="arg4" ve="3">SelectSOC</Str>
			<Str sr="arg5" ve="3"/>
			<Img sr="arg6" ve="2"/>
			<Str sr="arg7" ve="3"/>
		</PropertiesElement>
	</Scene>
	<Task sr="task147">
		<cdate>1528601147611</cdate>
		<edate>1556955380279</edate>
		<id>147</id>
		<nme>- 下载</nme>
		<pri>100</pri>
		<Action sr="act0" ve="7">
			<code>123</code>
			<label>检查配置文件</label>
			<Str sr="arg0" ve="3">[ -e /data/powercfg ] &amp;&amp; echo 1 || echo 0</Str>
			<Int sr="arg1" val="0"/>
			<Int sr="arg2" val="0"/>
			<Str sr="arg3" ve="3">%ConfigStatus</Str>
			<Str sr="arg4" ve="3"/>
			<Str sr="arg5" ve="3"/>
		</Action>
		<Action sr="act1" ve="7">
			<code>37</code>
			<ConditionList sr="if">
				<Condition sr="c0" ve="3">
					<lhs>%ConfigStatus</lhs>
					<op>2</op>
					<rhs>0</rhs>
				</Condition>
			</ConditionList>
		</Action>
		<Action sr="act10" ve="7">
			<code>548</code>
			<Str sr="arg0" ve="3">Dynamic WIPE: 暂不支持您的设备!</Str>
			<Int sr="arg1" val="1"/>
		</Action>
		<Action sr="act11" ve="7">
			<code>137</code>
			<Int sr="arg0" val="0"/>
			<Str sr="arg1" ve="3">- 下载</Str>
		</Action>
		<Action sr="act12" ve="7">
			<code>38</code>
		</Action>
		<Action sr="act13" ve="7">
			<code>548</code>
			<Str sr="arg0" ve="3">Dynamic WIPE: 配置文件不存在! 正在下载...</Str>
			<Int sr="arg1" val="0"/>
		</Action>
		<Action sr="act14" ve="7">
			<code>547</code>
			<label>升级链接</label>
			<Str sr="arg0" ve="3">%github</Str>
			<Str sr="arg1" ve="3">https://raw.githubusercontent.com/sherlockwoo/dynamic-wipe/master/wipe-v2/scripts/DEV/20190503</Str>
			<Int sr="arg2" val="0"/>
			<Int sr="arg3" val="0"/>
			<Int sr="arg4" val="0"/>
		</Action>
		<Action sr="act15" ve="7">
			<code>547</code>
			<label>Qualcomm_SD_835</label>
			<Str sr="arg0" ve="3">%DownloadUrl</Str>
			<Str sr="arg1" ve="3">%github/sd835/powercfg.sh</Str>
			<Int sr="arg2" val="0"/>
			<Int sr="arg3" val="0"/>
			<Int sr="arg4" val="0"/>
			<ConditionList sr="if">
				<Condition sr="c0" ve="3">
					<lhs>%Platform</lhs>
					<op>2</op>
					<rhs>msm8998</rhs>
				</Condition>
			</ConditionList>
		</Action>
		<Action sr="act16" ve="7">
			<code>37</code>
			<label>Qualcomm_SD_821</label>
			<ConditionList sr="if">
				<Condition sr="c0" ve="3">
					<lhs>%Platform</lhs>
					<op>2</op>
					<rhs>msm8996pro</rhs>
				</Condition>
			</ConditionList>
		</Action>
		<Action sr="act17" ve="7">
			<code>130</code>
			<Str sr="arg0" ve="3">- 设置</Str>
			<Int sr="arg1">
				<var>%priority</var>
			</Int>
			<Str sr="arg2" ve="3"/>
			<Str sr="arg3" ve="3"/>
			<Str sr="arg4" ve="3"/>
			<Int sr="arg5" val="0"/>
		</Action>
		<Action sr="act18" ve="7">
			<code>137</code>
			<Int sr="arg0" val="0"/>
			<Str sr="arg1" ve="3">- 下载</Str>
		</Action>
		<Action sr="act19" ve="7">
			<code>38</code>
		</Action>
		<Action sr="act2" ve="7">
			<code>354</code>
			<label>支持SOC列表</label>
			<Str sr="arg0" ve="3">%support_soc</Str>
			<Str sr="arg1" ve="3">msm8998 msm8996pro msm8996 sdm660 msm8976pro msm8976 msm8956 sdm636 msm8953pro msm8953</Str>
			<Str sr="arg2" ve="3"/>
		</Action>
		<Action sr="act20" ve="7">
			<code>547</code>
			<label>Qualcomm_SD_820</label>
			<Str sr="arg0" ve="3">%DownloadUrl</Str>
			<Str sr="arg1" ve="3">%github/sd820/powercfg.sh</Str>
			<Int sr="arg2" val="0"/>
			<Int sr="arg3" val="0"/>
			<Int sr="arg4" val="0"/>
			<ConditionList sr="if">
				<Condition sr="c0" ve="3">
					<lhs>%Platform</lhs>
					<op>2</op>
					<rhs>msm8996</rhs>
				</Condition>
			</ConditionList>
		</Action>
		<Action sr="act21" ve="7">
			<code>547</code>
			<label>Qualcomm_SDM_660</label>
			<Str sr="arg0" ve="3">%DownloadUrl</Str>
			<Str sr="arg1" ve="3">%github/sdm660/powercfg.sh</Str>
			<Int sr="arg2" val="0"/>
			<Int sr="arg3" val="0"/>
			<Int sr="arg4" val="0"/>
			<ConditionList sr="if">
				<Condition sr="c0" ve="3">
					<lhs>%Platform</lhs>
					<op>2</op>
					<rhs>sdm660</rhs>
				</Condition>
			</ConditionList>
		</Action>
		<Action sr="act22" ve="7">
			<code>547</code>
			<label>Qualcomm_SD_650_652_653</label>
			<Str sr="arg0" ve="3">%DownloadUrl</Str>
			<Str sr="arg1" ve="3">%github/sd_650_652_653/powercfg.sh</Str>
			<Int sr="arg2" val="0"/>
			<Int sr="arg3" val="0"/>
			<Int sr="arg4" val="0"/>
			<ConditionList sr="if">
				<bool0>Or</bool0>
				<bool1>Or</bool1>
				<Condition sr="c0" ve="3">
					<lhs>%Platform</lhs>
					<op>2</op>
					<rhs>msm8956</rhs>
				</Condition>
				<Condition sr="c1" ve="3">
					<lhs>%Platform</lhs>
					<op>2</op>
					<rhs>msm8976</rhs>
				</Condition>
				<Condition sr="c2" ve="3">
					<lhs>%Platform</lhs>
					<op>2</op>
					<rhs>msm8976pro</rhs>
				</Condition>
			</ConditionList>
		</Action>
		<Action sr="act23" ve="7">
			<code>547</code>
			<label>Qualcomm_SDM_636</label>
			<Str sr="arg0" ve="3">%DownloadUrl</Str>
			<Str sr="arg1" ve="3">%github/sdm636/powercfg.sh</Str>
			<Int sr="arg2" val="0"/>
			<Int sr="arg3" val="0"/>
			<Int sr="arg4" val="0"/>
			<ConditionList sr="if">
				<Condition sr="c0" ve="3">
					<lhs>%Platform</lhs>
					<op>2</op>
					<rhs>sdm636</rhs>
				</Condition>
			</ConditionList>
		</Action>
		<Action sr="act24" ve="7">
			<code>547</code>
			<label>Qualcomm_SDM626</label>
			<Str sr="arg0" ve="3">%DownloadUrl</Str>
			<Str sr="arg1" ve="3">%github/sdm626/powercfg.sh</Str>
			<Int sr="arg2" val="0"/>
			<Int sr="arg3" val="0"/>
			<Int sr="arg4" val="0"/>
			<ConditionList sr="if">
				<Condition sr="c0" ve="3">
					<lhs>%Platform</lhs>
					<op>2</op>
					<rhs>msm8953pro</rhs>
				</Condition>
			</ConditionList>
		</Action>
		<Action sr="act25" ve="7">
			<code>547</code>
			<label>Qualcomm_SDM_625</label>
			<Str sr="arg0" ve="3">%DownloadUrl</Str>
			<Str sr="arg1" ve="3">%github/sdm625/powercfg.sh</Str>
			<Int sr="arg2" val="0"/>
			<Int sr="arg3" val="0"/>
			<Int sr="arg4" val="0"/>
			<ConditionList sr="if">
				<Condition sr="c0" ve="3">
					<lhs>%Platform</lhs>
					<op>2</op>
					<rhs>msm8953</rhs>
				</Condition>
			</ConditionList>
		</Action>
		<Action sr="act26" ve="7">
			<code>123</code>
			<label>下载配置文件step.1</label>
			<se>false</se>
			<Str sr="arg0" ve="3">mkdir -p /storage/emulated/0/Tasker/WIPE/</Str>
			<Int sr="arg1" val="0"/>
			<Int sr="arg2" val="0"/>
			<Str sr="arg3" ve="3"/>
			<Str sr="arg4" ve="3"/>
			<Str sr="arg5" ve="3"/>
		</Action>
		<Action sr="act27" ve="7">
			<code>118</code>
			<label>下载配置文件step.2</label>
			<se>false</se>
			<Str sr="arg0" ve="3">%DownloadUrl</Str>
			<Str sr="arg1" ve="3"/>
			<Str sr="arg2" ve="3"/>
			<Str sr="arg3" ve="3"/>
			<Str sr="arg4" ve="3"/>
			<Int sr="arg5" val="10"/>
			<Str sr="arg6" ve="3">text/*</Str>
			<Str sr="arg7" ve="3">Tasker/WIPE/tmp</Str>
			<Int sr="arg8" val="0"/>
		</Action>
		<Action sr="act28" ve="7">
			<code>123</code>
			<label>下载配置文件step.3</label>
			<se>false</se>
			<Str sr="arg0" ve="3">cp /storage/emulated/0/Tasker/WIPE/tmp /data/powercfg
chmod 755 /data/powercfg
rm -rf /storage/emulated/0/Tasker/WIPE/tmp</Str>
			<Int sr="arg1" val="0"/>
			<Int sr="arg2" val="1"/>
			<Str sr="arg3" ve="3"/>
			<Str sr="arg4" ve="3"/>
			<Str sr="arg5" ve="3"/>
		</Action>
		<Action sr="act29" ve="7">
			<code>123</code>
			<label>检查配置文件</label>
			<Str sr="arg0" ve="3">[ -e /data/powercfg ] &amp;&amp; echo 1 || echo 0</Str>
			<Int sr="arg1" val="0"/>
			<Int sr="arg2" val="0"/>
			<Str sr="arg3" ve="3">%ConfigStatus</Str>
			<Str sr="arg4" ve="3"/>
			<Str sr="arg5" ve="3"/>
		</Action>
		<Action sr="act3" ve="7">
			<code>123</code>
			<label>获取SOC信息</label>
			<Str sr="arg0" ve="3">platforma=$(grep "Hardware" /proc/cpuinfo | tr ' ' '\n' | tail -1)
echo $platforma | tr 'A-Z' 'a-z'</Str>
			<Int sr="arg1" val="0"/>
			<Int sr="arg2" val="0"/>
			<Str sr="arg3" ve="3">%Platform_a</Str>
			<Str sr="arg4" ve="3"/>
			<Str sr="arg5" ve="3"/>
		</Action>
		<Action sr="act30" ve="7">
			<code>37</code>
			<ConditionList sr="if">
				<Condition sr="c0" ve="3">
					<lhs>%ConfigStatus</lhs>
					<op>2</op>
					<rhs>1</rhs>
				</Condition>
			</ConditionList>
		</Action>
		<Action sr="act31" ve="7">
			<code>548</code>
			<Str sr="arg0" ve="3">Dynamic WIPE: 下载成功, 正在启用预设模式...</Str>
			<Int sr="arg1" val="0"/>
		</Action>
		<Action sr="act32" ve="7">
			<code>130</code>
			<Str sr="arg0" ve="3">- shØut</Str>
			<Int sr="arg1">
				<var>%priority</var>
			</Int>
			<Str sr="arg2" ve="3"/>
			<Str sr="arg3" ve="3"/>
			<Str sr="arg4" ve="3"/>
			<Int sr="arg5" val="0"/>
		</Action>
		<Action sr="act33" ve="7">
			<code>43</code>
		</Action>
		<Action sr="act34" ve="7">
			<code>548</code>
			<Str sr="arg0" ve="3">Dynamic WIPE: 文件下载失败! 请检查是否已授予软件ROOT权限</Str>
			<Int sr="arg1" val="1"/>
		</Action>
		<Action sr="act35" ve="7">
			<code>38</code>
		</Action>
		<Action sr="act36" ve="7">
			<code>38</code>
		</Action>
		<Action sr="act4" ve="7">
			<code>123</code>
			<label>获取SOC信息</label>
			<Str sr="arg0" ve="3">getprop "ro.product.board"</Str>
			<Int sr="arg1" val="0"/>
			<Int sr="arg2" val="0"/>
			<Str sr="arg3" ve="3">%Platform_b</Str>
			<Str sr="arg4" ve="3"/>
			<Str sr="arg5" ve="3"/>
		</Action>
		<Action sr="act5" ve="7">
			<code>123</code>
			<label>获取SOC信息</label>
			<Str sr="arg0" ve="3">getprop "ro.board.platform"</Str>
			<Int sr="arg1" val="0"/>
			<Int sr="arg2" val="0"/>
			<Str sr="arg3" ve="3">%Platform_c</Str>
			<Str sr="arg4" ve="3"/>
			<Str sr="arg5" ve="3"/>
		</Action>
		<Action sr="act6" ve="7">
			<code>547</code>
			<Str sr="arg0" ve="3">%Platform</Str>
			<Str sr="arg1" ve="3">%Platform_a</Str>
			<Int sr="arg2" val="0"/>
			<Int sr="arg3" val="0"/>
			<Int sr="arg4" val="0"/>
			<ConditionList sr="if">
				<Condition sr="c0" ve="3">
					<lhs>%support_soc()</lhs>
					<op>4</op>
					<rhs>%Platform_a</rhs>
				</Condition>
			</ConditionList>
		</Action>
		<Action sr="act7" ve="7">
			<code>547</code>
			<Str sr="arg0" ve="3">%Platform</Str>
			<Str sr="arg1" ve="3">%Platform_b</Str>
			<Int sr="arg2" val="0"/>
			<Int sr="arg3" val="0"/>
			<Int sr="arg4" val="0"/>
			<ConditionList sr="if">
				<bool0>And</bool0>
				<Condition sr="c0" ve="3">
					<lhs>%support_soc()</lhs>
					<op>5</op>
					<rhs>%Platform_a</rhs>
				</Condition>
				<Condition sr="c1" ve="3">
					<lhs>%support_soc()</lhs>
					<op>4</op>
					<rhs>%Platform_b</rhs>
				</Condition>
			</ConditionList>
		</Action>
		<Action sr="act8" ve="7">
			<code>547</code>
			<Str sr="arg0" ve="3">%Platform</Str>
			<Str sr="arg1" ve="3">%Platform_c</Str>
			<Int sr="arg2" val="0"/>
			<Int sr="arg3" val="0"/>
			<Int sr="arg4" val="0"/>
			<ConditionList sr="if">
				<bool0>And</bool0>
				<bool1>And</bool1>
				<Condition sr="c0" ve="3">
					<lhs>%support_soc()</lhs>
					<op>5</op>
					<rhs>%Platform_a</rhs>
				</Condition>
				<Condition sr="c1" ve="3">
					<lhs>%support_soc()</lhs>
					<op>5</op>
					<rhs>%Platform_b</rhs>
				</Condition>
				<Condition sr="c2" ve="3">
					<lhs>%support_soc()</lhs>
					<op>4</op>
					<rhs>%Platform_c</rhs>
				</Condition>
			</ConditionList>
		</Action>
		<Action sr="act9" ve="7">
			<code>37</code>
			<ConditionList sr="if">
				<bool0>And</bool0>
				<bool1>And</bool1>
				<Condition sr="c0" ve="3">
					<lhs>%support_soc()</lhs>
					<op>5</op>
					<rhs>%Platform_a</rhs>
				</Condition>
				<Condition sr="c1" ve="3">
					<lhs>%support_soc()</lhs>
					<op>5</op>
					<rhs>%Platform_b</rhs>
				</Condition>
				<Condition sr="c2" ve="3">
					<lhs>%support_soc()</lhs>
					<op>5</op>
					<rhs>%Platform_c</rhs>
				</Condition>
			</ConditionList>
		</Action>
		<Img sr="icn" ve="2">
			<nme>hl_av_download</nme>
		</Img>
	</Task>
	<Task sr="task148">
		<cdate>1528601207697</cdate>
		<edate>1556929297232</edate>
		<id>148</id>
		<nme>- 通知</nme>
		<pri>100</pri>
		<Action sr="act0" ve="7">
			<code>37</code>
			<ConditionList sr="if">
				<Condition sr="c0" ve="3">
					<lhs>%WIPEStatus</lhs>
					<op>4</op>
					<rhs>level 6 done</rhs>
				</Condition>
			</ConditionList>
		</Action>
		<Action sr="act1" ve="7">
			<code>354</code>
			<Str sr="arg0" ve="3">%WIPEStatus</Str>
			<Str sr="arg1" ve="3">待机模式</Str>
			<Str sr="arg2" ve="3"/>
		</Action>
		<Action sr="act10" ve="7">
			<code>354</code>
			<Str sr="arg0" ve="3">%WIPEStatus</Str>
			<Str sr="arg1" ve="3">游戏模式</Str>
			<Str sr="arg2" ve="3"/>
		</Action>
		<Action sr="act11" ve="7">
			<code>547</code>
			<Str sr="arg0" ve="3">%notification</Str>
			<Str sr="arg1" ve="3">android.resource://net.dinglisch.android.taskerm/drawable/mw_av_games</Str>
			<Int sr="arg2" val="0"/>
			<Int sr="arg3" val="0"/>
			<Int sr="arg4" val="0"/>
		</Action>
		<Action sr="act12" ve="7">
			<code>43</code>
			<ConditionList sr="if">
				<Condition sr="c0" ve="3">
					<lhs>%WIPEStatus</lhs>
					<op>4</op>
					<rhs>fast done</rhs>
				</Condition>
			</ConditionList>
		</Action>
		<Action sr="act13" ve="7">
			<code>354</code>
			<Str sr="arg0" ve="3">%WIPEStatus</Str>
			<Str sr="arg1" ve="3">极限模式</Str>
			<Str sr="arg2" ve="3"/>
		</Action>
		<Action sr="act14" ve="7">
			<code>547</code>
			<Str sr="arg0" ve="3">%notification</Str>
			<Str sr="arg1" ve="3">android.resource://net.dinglisch.android.taskerm/drawable/mw_image_flash_on</Str>
			<Int sr="arg2" val="0"/>
			<Int sr="arg3" val="0"/>
			<Int sr="arg4" val="0"/>
		</Action>
		<Action sr="act15" ve="7">
			<code>38</code>
		</Action>
		<Action sr="act16" ve="7">
			<code>37</code>
			<ConditionList sr="if">
				<Condition sr="c0" ve="3">
					<lhs>%WIPEStatus</lhs>
					<op>2</op>
					<rhs>*done*</rhs>
				</Condition>
			</ConditionList>
		</Action>
		<Action sr="act17" ve="7">
			<code>779</code>
			<Str sr="arg0" ve="3"/>
			<Int sr="arg1" val="0"/>
		</Action>
		<Action sr="act18" ve="7">
			<code>523</code>
			<Str sr="arg0" ve="3">Dynamic WIPE</Str>
			<Str sr="arg1" ve="3">%WIPEStatus(1)启用成功</Str>
			<Img sr="arg2" ve="2">
				<var>%notification</var>
			</Img>
			<Int sr="arg3" val="0"/>
			<Int sr="arg4" val="0"/>
			<Int sr="arg5" val="4"/>
		</Action>
		<Action sr="act19" ve="7">
			<code>548</code>
			<Str sr="arg0" ve="3">Dynamic WIPE: %WIPEStatus(1)</Str>
			<Int sr="arg1" val="1"/>
		</Action>
		<Action sr="act2" ve="7">
			<code>547</code>
			<Str sr="arg0" ve="3">%notification</Str>
			<Str sr="arg1" ve="3">android.resource://net.dinglisch.android.taskerm/drawable/mw_device_battery_20</Str>
			<Int sr="arg2" val="0"/>
			<Int sr="arg3" val="0"/>
			<Int sr="arg4" val="0"/>
		</Action>
		<Action sr="act20" ve="7">
			<code>61</code>
			<Int sr="arg0" val="10"/>
		</Action>
		<Action sr="act21" ve="7">
			<code>43</code>
		</Action>
		<Action sr="act22" ve="7">
			<code>548</code>
			<Str sr="arg0" ve="3">Dynamic WIPE 启动失败!</Str>
			<Int sr="arg1" val="1"/>
		</Action>
		<Action sr="act23" ve="7">
			<code>38</code>
		</Action>
		<Action sr="act3" ve="7">
			<code>43</code>
			<ConditionList sr="if">
				<Condition sr="c0" ve="3">
					<lhs>%WIPEStatus</lhs>
					<op>4</op>
					<rhs>powersave done</rhs>
				</Condition>
			</ConditionList>
		</Action>
		<Action sr="act4" ve="7">
			<code>354</code>
			<Str sr="arg0" ve="3">%WIPEStatus</Str>
			<Str sr="arg1" ve="3">省电模式</Str>
			<Str sr="arg2" ve="3"/>
		</Action>
		<Action sr="act5" ve="7">
			<code>547</code>
			<Str sr="arg0" ve="3">%notification</Str>
			<Str sr="arg1" ve="3">android.resource://net.dinglisch.android.taskerm/drawable/mw_device_battery_full</Str>
			<Int sr="arg2" val="0"/>
			<Int sr="arg3" val="0"/>
			<Int sr="arg4" val="0"/>
		</Action>
		<Action sr="act6" ve="7">
			<code>43</code>
			<ConditionList sr="if">
				<Condition sr="c0" ve="3">
					<lhs>%WIPEStatus</lhs>
					<op>4</op>
					<rhs>balance done</rhs>
				</Condition>
			</ConditionList>
		</Action>
		<Action sr="act7" ve="7">
			<code>354</code>
			<Str sr="arg0" ve="3">%WIPEStatus</Str>
			<Str sr="arg1" ve="3">均衡模式</Str>
			<Str sr="arg2" ve="3"/>
		</Action>
		<Action sr="act8" ve="7">
			<code>547</code>
			<Str sr="arg0" ve="3">%notification</Str>
			<Str sr="arg1" ve="3">android.resource://net.dinglisch.android.taskerm/drawable/mw_hardware_watch</Str>
			<Int sr="arg2" val="0"/>
			<Int sr="arg3" val="0"/>
			<Int sr="arg4" val="0"/>
		</Action>
		<Action sr="act9" ve="7">
			<code>43</code>
			<ConditionList sr="if">
				<Condition sr="c0" ve="3">
					<lhs>%WIPEStatus</lhs>
					<op>4</op>
					<rhs>performance done</rhs>
				</Condition>
			</ConditionList>
		</Action>
		<Img sr="icn" ve="2">
			<nme>hl_aaa_ext_bug</nme>
		</Img>
	</Task>
	<Task sr="task149">
		<cdate>1528600584967</cdate>
		<edate>1556894080501</edate>
		<id>149</id>
		<nme>均衡使用</nme>
		<pri>100</pri>
		<Action sr="act0" ve="7">
			<code>130</code>
			<Str sr="arg0" ve="3">- 下载</Str>
			<Int sr="arg1">
				<var>%priority</var>
			</Int>
			<Str sr="arg2" ve="3"/>
			<Str sr="arg3" ve="3"/>
			<Str sr="arg4" ve="3"/>
			<Int sr="arg5" val="0"/>
		</Action>
		<Action sr="act1" ve="7">
			<code>37</code>
			<label>游戏或火力全开模式中关开屏幕</label>
			<ConditionList sr="if">
				<Condition sr="c0" ve="3">
					<lhs>%switch_screen</lhs>
					<op>2</op>
					<rhs>0</rhs>
				</Condition>
			</ConditionList>
		</Action>
		<Action sr="act10" ve="7">
			<code>137</code>
			<label>如果当前模式为均衡则任务停止</label>
			<Int sr="arg0" val="0"/>
			<Str sr="arg1" ve="3">均衡使用</Str>
			<ConditionList sr="if">
				<Condition sr="c0" ve="3">
					<lhs>%WIPEStatus</lhs>
					<op>4</op>
					<rhs>balance done</rhs>
				</Condition>
			</ConditionList>
		</Action>
		<Action sr="act11" ve="7">
			<code>30</code>
			<label>屏幕开启时间</label>
			<Int sr="arg0" val="0"/>
			<Int sr="arg1" val="0"/>
			<Int sr="arg2" val="3"/>
			<Int sr="arg3" val="0"/>
			<Int sr="arg4" val="0"/>
		</Action>
		<Action sr="act12" ve="7">
			<code>37</code>
			<ConditionList sr="if">
				<Condition sr="c0" ve="3">
					<lhs>%SCREEN</lhs>
					<op>2</op>
					<rhs>on</rhs>
				</Condition>
			</ConditionList>
		</Action>
		<Action sr="act13" ve="7">
			<code>123</code>
			<label>均衡模式</label>
			<Str sr="arg0" ve="3">sh /data/powercfg balance</Str>
			<Int sr="arg1" val="0"/>
			<Int sr="arg2" val="1"/>
			<Str sr="arg3" ve="3">%WIPEStatus</Str>
			<Str sr="arg4" ve="3">%WIPEStatus</Str>
			<Str sr="arg5" ve="3"/>
		</Action>
		<Action sr="act14" ve="7">
			<code>130</code>
			<Str sr="arg0" ve="3">- 通知</Str>
			<Int sr="arg1">
				<var>%priority</var>
			</Int>
			<Str sr="arg2" ve="3"/>
			<Str sr="arg3" ve="3"/>
			<Str sr="arg4" ve="3"/>
			<Int sr="arg5" val="0"/>
		</Action>
		<Action sr="act15" ve="7">
			<code>38</code>
		</Action>
		<Action sr="act16" ve="7">
			<code>38</code>
		</Action>
		<Action sr="act2" ve="7">
			<code>549</code>
			<Str sr="arg0" ve="3">%switch_screen</Str>
			<Int sr="arg1" val="0"/>
			<Int sr="arg2" val="0"/>
		</Action>
		<Action sr="act3" ve="7">
			<code>137</code>
			<Int sr="arg0" val="0"/>
			<Str sr="arg1" ve="3">均衡使用</Str>
		</Action>
		<Action sr="act4" ve="7">
			<code>43</code>
			<label>游戏或火力全开模式</label>
			<ConditionList sr="if">
				<bool0>Or</bool0>
				<bool1>And</bool1>
				<Condition sr="c0" ve="3">
					<lhs>%WIPEStatus</lhs>
					<op>4</op>
					<rhs>performance done</rhs>
				</Condition>
				<Condition sr="c1" ve="3">
					<lhs>%WIPEStatus</lhs>
					<op>4</op>
					<rhs>fast done</rhs>
				</Condition>
				<Condition sr="c2" ve="3">
					<lhs>%switch_screen</lhs>
					<op>13</op>
					<rhs></rhs>
				</Condition>
			</ConditionList>
		</Action>
		<Action sr="act5" ve="7">
			<code>547</code>
			<label>应用在后台运行时间超过x分钟（3*60表示3分钟）</label>
			<Str sr="arg0" ve="3">%exit_app_times</Str>
			<Str sr="arg1" ve="3">%TIMES+3*60</Str>
			<Int sr="arg2" val="0"/>
			<Int sr="arg3" val="1"/>
			<Int sr="arg4" val="0"/>
		</Action>
		<Action sr="act6" ve="7">
			<code>35</code>
			<Int sr="arg0" val="0"/>
			<Int sr="arg1" val="1"/>
			<Int sr="arg2" val="0"/>
			<Int sr="arg3" val="0"/>
			<Int sr="arg4" val="0"/>
			<ConditionList sr="if">
				<Condition sr="c0" ve="3">
					<lhs>%TIMES-%exit_app_times</lhs>
					<op>7</op>
					<rhs>-1</rhs>
				</Condition>
			</ConditionList>
		</Action>
		<Action sr="act7" ve="7">
			<code>135</code>
			<label>恢复均衡模式</label>
			<Int sr="arg0" val="1"/>
			<Int sr="arg1" val="1"/>
			<Str sr="arg2" ve="3">均衡模式</Str>
			<ConditionList sr="if">
				<Condition sr="c0" ve="3">
					<lhs>%exit_app_times</lhs>
					<op>12</op>
					<rhs>-1</rhs>
				</Condition>
			</ConditionList>
		</Action>
		<Action sr="act8" ve="7">
			<code>43</code>
			<label>均衡或省电模式</label>
		</Action>
		<Action sr="act9" ve="7">
			<code>137</code>
			<label>省电任务停止</label>
			<Int sr="arg0" val="0"/>
			<Str sr="arg1" ve="3">省电流畅</Str>
		</Action>
	</Task>
	<Task sr="task150">
		<cdate>1528600734643</cdate>
		<edate>1556928115585</edate>
		<id>150</id>
		<nme>省电流畅</nme>
		<pri>100</pri>
		<Action sr="act0" ve="7">
			<code>130</code>
			<Str sr="arg0" ve="3">- 下载</Str>
			<Int sr="arg1">
				<var>%priority</var>
			</Int>
			<Str sr="arg2" ve="3"/>
			<Str sr="arg3" ve="3"/>
			<Str sr="arg4" ve="3"/>
			<Int sr="arg5" val="0"/>
		</Action>
		<Action sr="act1" ve="7">
			<code>137</code>
			<Int sr="arg0" val="0"/>
			<Str sr="arg1" ve="3">均衡使用</Str>
		</Action>
		<Action sr="act2" ve="7">
			<code>137</code>
			<Int sr="arg0" val="0"/>
			<Str sr="arg1" ve="3">省电流畅</Str>
			<ConditionList sr="if">
				<Condition sr="c0" ve="3">
					<lhs>%WIPEStatus</lhs>
					<op>4</op>
					<rhs>powersave done</rhs>
				</Condition>
			</ConditionList>
		</Action>
		<Action sr="act3" ve="7">
			<code>547</code>
			<Str sr="arg0" ve="3">%switch_screen</Str>
			<Str sr="arg1" ve="3">0</Str>
			<Int sr="arg2" val="0"/>
			<Int sr="arg3" val="1"/>
			<Int sr="arg4" val="0"/>
			<ConditionList sr="if">
				<bool0>Or</bool0>
				<Condition sr="c0" ve="3">
					<lhs>%WIPEStatus</lhs>
					<op>4</op>
					<rhs>performance done</rhs>
				</Condition>
				<Condition sr="c1" ve="3">
					<lhs>%WIPEStatus</lhs>
					<op>4</op>
					<rhs>fast done</rhs>
				</Condition>
			</ConditionList>
		</Action>
		<Action sr="act4" ve="7">
			<code>30</code>
			<label>屏幕关闭时间</label>
			<Int sr="arg0" val="0"/>
			<Int sr="arg1" val="0"/>
			<Int sr="arg2" val="3"/>
			<Int sr="arg3" val="0"/>
			<Int sr="arg4" val="0"/>
		</Action>
		<Action sr="act5" ve="7">
			<code>37</code>
			<ConditionList sr="if">
				<Condition sr="c0" ve="3">
					<lhs>%SCREEN</lhs>
					<op>2</op>
					<rhs>off</rhs>
				</Condition>
			</ConditionList>
		</Action>
		<Action sr="act6" ve="7">
			<code>123</code>
			<label>省电模式</label>
			<Str sr="arg0" ve="3">sh /data/powercfg powersave</Str>
			<Int sr="arg1" val="0"/>
			<Int sr="arg2" val="1"/>
			<Str sr="arg3" ve="3">%WIPEStatus</Str>
			<Str sr="arg4" ve="3">%WIPEStatus</Str>
			<Str sr="arg5" ve="3"/>
		</Action>
		<Action sr="act7" ve="7">
			<code>130</code>
			<Str sr="arg0" ve="3">- 通知</Str>
			<Int sr="arg1">
				<var>%priority</var>
			</Int>
			<Str sr="arg2" ve="3"/>
			<Str sr="arg3" ve="3"/>
			<Str sr="arg4" ve="3"/>
			<Int sr="arg5" val="0"/>
		</Action>
		<Action sr="act8" ve="7">
			<code>38</code>
		</Action>
	</Task>
	<Task sr="task151">
		<cdate>1556900774624</cdate>
		<edate>1556900774624</edate>
		<id>151</id>
		<pri>102</pri>
		<Action sr="act0" ve="7">
			<code>547</code>
			<Str sr="arg0" ve="3">%selected</Str>
			<Str sr="arg1" ve="3">1</Str>
			<Int sr="arg2" val="0"/>
			<Int sr="arg3" val="0"/>
			<Int sr="arg4" val="0"/>
		</Action>
	</Task>
	<Task sr="task152">
		<cdate>1528600734643</cdate>
		<edate>1556909079261</edate>
		<id>152</id>
		<nme>待机必备</nme>
		<pri>100</pri>
		<Action sr="act0" ve="7">
			<code>130</code>
			<Str sr="arg0" ve="3">- 下载</Str>
			<Int sr="arg1">
				<var>%priority</var>
			</Int>
			<Str sr="arg2" ve="3"/>
			<Str sr="arg3" ve="3"/>
			<Str sr="arg4" ve="3"/>
			<Int sr="arg5" val="0"/>
		</Action>
		<Action sr="act1" ve="7">
			<code>137</code>
			<Int sr="arg0" val="0"/>
			<Str sr="arg1" ve="3">均衡使用</Str>
		</Action>
		<Action sr="act2" ve="7">
			<code>137</code>
			<Int sr="arg0" val="0"/>
			<Str sr="arg1" ve="3">待机必备</Str>
			<ConditionList sr="if">
				<Condition sr="c0" ve="3">
					<lhs>%WIPEStatus</lhs>
					<op>4</op>
					<rhs>level 6 done</rhs>
				</Condition>
			</ConditionList>
		</Action>
		<Action sr="act3" ve="7">
			<code>547</code>
			<Str sr="arg0" ve="3">%switch_screen</Str>
			<Str sr="arg1" ve="3">0</Str>
			<Int sr="arg2" val="0"/>
			<Int sr="arg3" val="1"/>
			<Int sr="arg4" val="0"/>
			<ConditionList sr="if">
				<bool0>Or</bool0>
				<Condition sr="c0" ve="3">
					<lhs>%WIPEStatus</lhs>
					<op>4</op>
					<rhs>performance done</rhs>
				</Condition>
				<Condition sr="c1" ve="3">
					<lhs>%WIPEStatus</lhs>
					<op>4</op>
					<rhs>fast done</rhs>
				</Condition>
			</ConditionList>
		</Action>
		<Action sr="act4" ve="7">
			<code>30</code>
			<label>屏幕关闭时间</label>
			<Int sr="arg0" val="0"/>
			<Int sr="arg1" val="0"/>
			<Int sr="arg2" val="3"/>
			<Int sr="arg3" val="0"/>
			<Int sr="arg4" val="0"/>
		</Action>
		<Action sr="act5" ve="7">
			<code>37</code>
			<ConditionList sr="if">
				<Condition sr="c0" ve="3">
					<lhs>%SCREEN</lhs>
					<op>2</op>
					<rhs>off</rhs>
				</Condition>
			</ConditionList>
		</Action>
		<Action sr="act6" ve="7">
			<code>123</code>
			<label>待机必备</label>
			<Str sr="arg0" ve="3">sh /data/powercfg level 6</Str>
			<Int sr="arg1" val="0"/>
			<Int sr="arg2" val="1"/>
			<Str sr="arg3" ve="3">%WIPEStatus</Str>
			<Str sr="arg4" ve="3">%WIPEStatus</Str>
			<Str sr="arg5" ve="3"/>
		</Action>
		<Action sr="act7" ve="7">
			<code>130</code>
			<Str sr="arg0" ve="3">- 通知</Str>
			<Int sr="arg1">
				<var>%priority</var>
			</Int>
			<Str sr="arg2" ve="3"/>
			<Str sr="arg3" ve="3"/>
			<Str sr="arg4" ve="3"/>
			<Int sr="arg5" val="0"/>
		</Action>
		<Action sr="act8" ve="7">
			<code>38</code>
		</Action>
	</Task>
	<Task sr="task153">
		<cdate>1556894974692</cdate>
		<edate>1556955194194</edate>
		<id>153</id>
		<nme>- 设置</nme>
		<pri>100</pri>
		<Action sr="act0" ve="7">
			<code>547</code>
			<label>升级链接</label>
			<Str sr="arg0" ve="3">%github</Str>
			<Str sr="arg1" ve="3">https://raw.githubusercontent.com/sherlockwoo/dynamic-wipe/master/wipe-v2/scripts/DEV/20190503</Str>
			<Int sr="arg2" val="0"/>
			<Int sr="arg3" val="0"/>
			<Int sr="arg4" val="0"/>
		</Action>
		<Action sr="act1" ve="7">
			<code>549</code>
			<Str sr="arg0" ve="3">%SOC</Str>
			<Int sr="arg1" val="0"/>
			<Int sr="arg2" val="0"/>
		</Action>
		<Action sr="act2" ve="7">
			<code>549</code>
			<Str sr="arg0" ve="3">%selected</Str>
			<Int sr="arg1" val="0"/>
			<Int sr="arg2" val="0"/>
		</Action>
		<Action sr="act3" ve="7">
			<code>47</code>
			<Str sr="arg0" ve="3">SelectSOC</Str>
			<Int sr="arg1" val="3"/>
			<Int sr="arg2" val="100"/>
			<Int sr="arg3" val="100"/>
			<Int sr="arg4" val="0"/>
			<Int sr="arg5" val="1"/>
			<Int sr="arg6" val="0"/>
			<Int sr="arg7" val="1"/>
		</Action>
		<Img sr="icn" ve="2">
			<nme>hl_aaa_ext_gear</nme>
		</Img>
	</Task>
	<Task sr="task154">
		<cdate>1556900120654</cdate>
		<edate>1556900120654</edate>
		<id>154</id>
		<pri>102</pri>
		<Action sr="act0" ve="7">
			<code>547</code>
			<Str sr="arg0" ve="3">%SOC</Str>
			<Str sr="arg1" ve="3">sd835</Str>
			<Int sr="arg2" val="0"/>
			<Int sr="arg3" val="0"/>
			<Int sr="arg4" val="0"/>
			<ConditionList sr="if">
				<Condition sr="c0" ve="3">
					<lhs>%selected</lhs>
					<op>3</op>
					<rhs>1</rhs>
				</Condition>
			</ConditionList>
		</Action>
		<Action sr="act1" ve="7">
			<code>547</code>
			<Str sr="arg0" ve="3">%DownloadUrl</Str>
			<Str sr="arg1" ve="3">%github/%SOC/powercfg.sh</Str>
			<Int sr="arg2" val="0"/>
			<Int sr="arg3" val="0"/>
			<Int sr="arg4" val="0"/>
		</Action>
		<Action sr="act10" ve="7">
			<code>130</code>
			<Str sr="arg0" ve="3">- shØut</Str>
			<Int sr="arg1">
				<var>%priority</var>
			</Int>
			<Str sr="arg2" ve="3"/>
			<Str sr="arg3" ve="3"/>
			<Str sr="arg4" ve="3"/>
			<Int sr="arg5" val="0"/>
		</Action>
		<Action sr="act11" ve="7">
			<code>43</code>
		</Action>
		<Action sr="act12" ve="7">
			<code>548</code>
			<Str sr="arg0" ve="3">Dynamic WIPE: 文件下载失败! 请确认已授予软件ROOT权限</Str>
			<Int sr="arg1" val="1"/>
		</Action>
		<Action sr="act13" ve="7">
			<code>38</code>
		</Action>
		<Action sr="act14" ve="7">
			<code>43</code>
			<ConditionList sr="if">
				<Condition sr="c0" ve="3">
					<lhs>%ConfigStatus</lhs>
					<op>2</op>
					<rhs>1</rhs>
				</Condition>
			</ConditionList>
		</Action>
		<Action sr="act15" ve="7">
			<code>406</code>
			<Str sr="arg0" ve="3">/data/powercfg</Str>
			<Int sr="arg1" val="0"/>
			<Int sr="arg2" val="1"/>
		</Action>
		<Action sr="act16" ve="7">
			<code>135</code>
			<Int sr="arg0" val="1"/>
			<Int sr="arg1" val="1"/>
			<Str sr="arg2" ve="3">下载配置文件step.1</Str>
		</Action>
		<Action sr="act17" ve="7">
			<code>38</code>
		</Action>
		<Action sr="act18" ve="7">
			<code>49</code>
			<Str sr="arg0" ve="3">SelectSOC</Str>
		</Action>
		<Action sr="act2" ve="7">
			<code>123</code>
			<label>检查配置文件</label>
			<Str sr="arg0" ve="3">[ -e /data/powercfg ] &amp;&amp; echo 1 || echo 0</Str>
			<Int sr="arg1" val="0"/>
			<Int sr="arg2" val="0"/>
			<Str sr="arg3" ve="3">%ConfigStatus</Str>
			<Str sr="arg4" ve="3"/>
			<Str sr="arg5" ve="3"/>
		</Action>
		<Action sr="act3" ve="7">
			<code>37</code>
			<ConditionList sr="if">
				<Condition sr="c0" ve="3">
					<lhs>%ConfigStatus</lhs>
					<op>2</op>
					<rhs>0</rhs>
				</Condition>
			</ConditionList>
		</Action>
		<Action sr="act4" ve="7">
			<code>123</code>
			<label>下载配置文件step.1</label>
			<se>false</se>
			<Str sr="arg0" ve="3">mkdir -p /storage/emulated/0/Tasker/WIPE/</Str>
			<Int sr="arg1" val="0"/>
			<Int sr="arg2" val="0"/>
			<Str sr="arg3" ve="3"/>
			<Str sr="arg4" ve="3"/>
			<Str sr="arg5" ve="3"/>
		</Action>
		<Action sr="act5" ve="7">
			<code>118</code>
			<label>下载配置文件step.2</label>
			<se>false</se>
			<Str sr="arg0" ve="3">%DownloadUrl</Str>
			<Str sr="arg1" ve="3"/>
			<Str sr="arg2" ve="3"/>
			<Str sr="arg3" ve="3"/>
			<Str sr="arg4" ve="3"/>
			<Int sr="arg5" val="10"/>
			<Str sr="arg6" ve="3">text/*</Str>
			<Str sr="arg7" ve="3">Tasker/WIPE/tmp</Str>
			<Int sr="arg8" val="0"/>
		</Action>
		<Action sr="act6" ve="7">
			<code>123</code>
			<label>下载配置文件step.3</label>
			<se>false</se>
			<Str sr="arg0" ve="3">cp /storage/emulated/0/Tasker/WIPE/tmp /data/powercfg
chmod 755 /data/powercfg
rm -rf /storage/emulated/0/Tasker/WIPE/tmp</Str>
			<Int sr="arg1" val="0"/>
			<Int sr="arg2" val="1"/>
			<Str sr="arg3" ve="3"/>
			<Str sr="arg4" ve="3"/>
			<Str sr="arg5" ve="3"/>
		</Action>
		<Action sr="act7" ve="7">
			<code>123</code>
			<label>检查配置文件</label>
			<Str sr="arg0" ve="3">[ -e /data/powercfg ] &amp;&amp; echo 1 || echo 0</Str>
			<Int sr="arg1" val="0"/>
			<Int sr="arg2" val="0"/>
			<Str sr="arg3" ve="3">%ConfigStatus</Str>
			<Str sr="arg4" ve="3"/>
			<Str sr="arg5" ve="3"/>
		</Action>
		<Action sr="act8" ve="7">
			<code>37</code>
			<ConditionList sr="if">
				<Condition sr="c0" ve="3">
					<lhs>%ConfigStatus</lhs>
					<op>2</op>
					<rhs>1</rhs>
				</Condition>
			</ConditionList>
		</Action>
		<Action sr="act9" ve="7">
			<code>548</code>
			<Str sr="arg0" ve="3">Dynamic WIPE: 下载成功, 正在启用预设模式...</Str>
			<Int sr="arg1" val="0"/>
		</Action>
	</Task>
	<Task sr="task155">
		<cdate>1528600883316</cdate>
		<edate>1556894049496</edate>
		<id>155</id>
		<nme>游戏模式</nme>
		<Action sr="act0" ve="7">
			<code>130</code>
			<Str sr="arg0" ve="3">- 下载</Str>
			<Int sr="arg1">
				<var>%priority</var>
			</Int>
			<Str sr="arg2" ve="3"/>
			<Str sr="arg3" ve="3"/>
			<Str sr="arg4" ve="3"/>
			<Int sr="arg5" val="0"/>
		</Action>
		<Action sr="act1" ve="7">
			<code>549</code>
			<Str sr="arg0" ve="3">%exit_app_times</Str>
			<Int sr="arg1" val="0"/>
			<Int sr="arg2" val="0"/>
		</Action>
		<Action sr="act2" ve="7">
			<code>137</code>
			<Int sr="arg0" val="0"/>
			<Str sr="arg1" ve="3">均衡使用</Str>
		</Action>
		<Action sr="act3" ve="7">
			<code>137</code>
			<Int sr="arg0" val="0"/>
			<Str sr="arg1" ve="3">游戏模式</Str>
			<ConditionList sr="if">
				<Condition sr="c0" ve="3">
					<lhs>%WIPEStatus</lhs>
					<op>4</op>
					<rhs>performance done</rhs>
				</Condition>
			</ConditionList>
		</Action>
		<Action sr="act4" ve="7">
			<code>123</code>
			<label>游戏模式</label>
			<Str sr="arg0" ve="3">sh /data/powercfg performance</Str>
			<Int sr="arg1" val="0"/>
			<Int sr="arg2" val="1"/>
			<Str sr="arg3" ve="3">%WIPEStatus</Str>
			<Str sr="arg4" ve="3">%WIPEStatus</Str>
			<Str sr="arg5" ve="3"/>
		</Action>
		<Action sr="act5" ve="7">
			<code>130</code>
			<Str sr="arg0" ve="3">- 通知</Str>
			<Int sr="arg1">
				<var>%priority</var>
			</Int>
			<Str sr="arg2" ve="3"/>
			<Str sr="arg3" ve="3"/>
			<Str sr="arg4" ve="3"/>
			<Int sr="arg5" val="0"/>
		</Action>
	</Task>
	<Task sr="task156">
		<cdate>1528600956043</cdate>
		<edate>1556894075202</edate>
		<id>156</id>
		<nme>火力全开</nme>
		<pri>100</pri>
		<Action sr="act0" ve="7">
			<code>130</code>
			<Str sr="arg0" ve="3">- 下载</Str>
			<Int sr="arg1">
				<var>%priority</var>
			</Int>
			<Str sr="arg2" ve="3"/>
			<Str sr="arg3" ve="3"/>
			<Str sr="arg4" ve="3"/>
			<Int sr="arg5" val="0"/>
		</Action>
		<Action sr="act1" ve="7">
			<code>549</code>
			<Str sr="arg0" ve="3">%exit_app_times</Str>
			<Int sr="arg1" val="0"/>
			<Int sr="arg2" val="0"/>
		</Action>
		<Action sr="act2" ve="7">
			<code>137</code>
			<Int sr="arg0" val="0"/>
			<Str sr="arg1" ve="3">均衡使用</Str>
		</Action>
		<Action sr="act3" ve="7">
			<code>137</code>
			<Int sr="arg0" val="0"/>
			<Str sr="arg1" ve="3">火力全开</Str>
			<ConditionList sr="if">
				<Condition sr="c0" ve="3">
					<lhs>%WIPEStatus</lhs>
					<op>4</op>
					<rhs>fast done</rhs>
				</Condition>
			</ConditionList>
		</Action>
		<Action sr="act4" ve="7">
			<code>123</code>
			<label>火力全开</label>
			<Str sr="arg0" ve="3">sh /data/powercfg fast</Str>
			<Int sr="arg1" val="0"/>
			<Int sr="arg2" val="1"/>
			<Str sr="arg3" ve="3">%WIPEStatus</Str>
			<Str sr="arg4" ve="3">%WIPEStatus</Str>
			<Str sr="arg5" ve="3"/>
		</Action>
		<Action sr="act5" ve="7">
			<code>130</code>
			<Str sr="arg0" ve="3">- 通知</Str>
			<Int sr="arg1">
				<var>%priority</var>
			</Int>
			<Str sr="arg2" ve="3"/>
			<Str sr="arg3" ve="3"/>
			<Str sr="arg4" ve="3"/>
			<Int sr="arg5" val="0"/>
		</Action>
	</Task>
	<Task sr="task157">
		<cdate>1528601066929</cdate>
		<edate>1556929398702</edate>
		<id>157</id>
		<nme>- shØut</nme>
		<pri>100</pri>
		<Action sr="act0" ve="7">
			<code>130</code>
			<label>开机自启 → 均衡模式</label>
			<Str sr="arg0" ve="3">- 下载</Str>
			<Int sr="arg1">
				<var>%priority</var>
			</Int>
			<Str sr="arg2" ve="3"/>
			<Str sr="arg3" ve="3"/>
			<Str sr="arg4" ve="3"/>
			<Int sr="arg5" val="0"/>
		</Action>
		<Action sr="act1" ve="7">
			<code>123</code>
			<Str sr="arg0" ve="3">sh /data/powercfg balance</Str>
			<Int sr="arg1" val="0"/>
			<Int sr="arg2" val="1"/>
			<Str sr="arg3" ve="3">%WIPEStatus</Str>
			<Str sr="arg4" ve="3">%WIPEStatus</Str>
			<Str sr="arg5" ve="3"/>
		</Action>
		<Action sr="act2" ve="7">
			<code>130</code>
			<Str sr="arg0" ve="3">- 通知</Str>
			<Int sr="arg1">
				<var>%priority</var>
			</Int>
			<Str sr="arg2" ve="3"/>
			<Str sr="arg3" ve="3"/>
			<Str sr="arg4" ve="3"/>
			<Int sr="arg5" val="0"/>
		</Action>
		<Img sr="icn" ve="2">
			<nme>hl_aaa_ext_coffee</nme>
		</Img>
	</Task>
</TaskerData>
