<TaskerData sr="" dvi="1" tv="5.7.2">
	<Profile sr="prof37" ve="2">
		<cdate>1561722607196</cdate>
		<clp>true</clp>
		<edate>1561725617306</edate>
		<id>37</id>
		<mid0>28</mid0>
		<nme>balance mode</nme>
		<Event sr="con0" ve="2">
			<code>208</code>
		</Event>
	</Profile>
	<Profile sr="prof38" ve="2">
		<cdate>1561722607207</cdate>
		<clp>true</clp>
		<edate>1561725616544</edate>
		<id>38</id>
		<mid0>29</mid0>
		<nme>powersave mode</nme>
		<Event sr="con0" ve="2">
			<code>210</code>
		</Event>
	</Profile>
	<Profile sr="prof40" ve="2">
		<cdate>1561722607219</cdate>
		<clp>true</clp>
		<edate>1561725786895</edate>
		<flags>16</flags>
		<id>40</id>
		<limit>true</limit>
		<mid0>35</mid0>
		<mid1>28</mid1>
		<nme>fast mode ( 2 IN 1 )</nme>
		<App sr="con0" ve="2">
			<cls0>com.epicgames.ue4.SplashActivity</cls0>
			<flags>3</flags>
			<label0>绝地求生 刺激战场</label0>
			<pkg0>com.tencent.tmgp.pubgmhd</pkg0>
		</App>
	</Profile>
	<Profile sr="prof41" ve="2">
		<cdate>1561722607224</cdate>
		<edate>1561725765430</edate>
		<flags>16</flags>
		<id>41</id>
		<mid0>34</mid0>
		<mid1>28</mid1>
		<nme>performance mode ( 2 IN 1 )</nme>
		<App sr="con0" ve="2">
			<cls0>com.epicgames.ue4.SplashActivity</cls0>
			<flags>3</flags>
			<label0>绝地求生 刺激战场</label0>
			<pkg0>com.tencent.tmgp.pubgmhd</pkg0>
		</App>
	</Profile>
	<Profile sr="prof42" ve="2">
		<cdate>1561722607228</cdate>
		<clp>true</clp>
		<edate>1561725861400</edate>
		<id>42</id>
		<mid0>36</mid0>
		<nme>-= Dynamic-WIPE v5.0 for sdm 855 =-</nme>
		<Event sr="con0" ve="2">
			<code>411</code>
			<pri>0</pri>
		</Event>
	</Profile>
	<Project sr="proj0" ve="2">
		<cdate>1528599543668</cdate>
		<name>Dynamic WIPE for sdm 855</name>
		<pids>38,42,41,37,40</pids>
		<tids>26,27,28,29,34,35,36</tids>
		<Kid sr="Kid">
			<launchID>36</launchID>
			<pkg>com.sherlockwoo.dynamicwipeforsdm855</pkg>
			<vTarg>28</vTarg>
			<vnme>1.0</vnme>
			<vnum>2</vnum>
		</Kid>
		<Img sr="icon" ve="2">
			<nme>hd_aaa_ext_gear</nme>
		</Img>
	</Project>
	<Task sr="task26">
		<cdate>1528601147611</cdate>
		<edate>1561725359778</edate>
		<id>26</id>
		<nme>- 下载</nme>
		<pri>100</pri>
		<Action sr="act0" ve="7">
			<code>123</code>
			<label>检查配置文件</label>
			<Str sr="arg0" ve="3">[ -e /vendor/bin/powercfg.sh ] &amp;&amp; echo 1 || echo 0</Str>
			<Int sr="arg1" val="0"/>
			<Int sr="arg2" val="0"/>
			<Str sr="arg3" ve="3">%ConfigStatus</Str>
			<Str sr="arg4" ve="3"/>
			<Str sr="arg5" ve="3"/>
		</Action>
		<Action sr="act1" ve="7">
			<code>37</code>
			<ConditionList sr="if">
				<Condition sr="c0" ve="3">
					<lhs>%ConfigStatus</lhs>
					<op>2</op>
					<rhs>0</rhs>
				</Condition>
			</ConditionList>
		</Action>
		<Action sr="act2" ve="7">
			<code>548</code>
			<Str sr="arg0" ve="3">Dynamic WIPE: 请先安装sdm855-tune模块!</Str>
			<Int sr="arg1" val="1"/>
		</Action>
		<Action sr="act3" ve="7">
			<code>137</code>
			<Int sr="arg0" val="0"/>
			<Str sr="arg1" ve="3">- 下载</Str>
		</Action>
		<Action sr="act4" ve="7">
			<code>38</code>
		</Action>
		<Img sr="icn" ve="2">
			<nme>hl_av_download</nme>
		</Img>
	</Task>
	<Task sr="task27">
		<cdate>1528601207697</cdate>
		<edate>1561725332200</edate>
		<id>27</id>
		<nme>- 通知</nme>
		<pri>100</pri>
		<Action sr="act0" ve="7">
			<code>37</code>
			<ConditionList sr="if">
				<Condition sr="c0" ve="3">
					<lhs>%WIPEStatus</lhs>
					<op>4</op>
					<rhs>powersave done</rhs>
				</Condition>
			</ConditionList>
		</Action>
		<Action sr="act1" ve="7">
			<code>354</code>
			<Str sr="arg0" ve="3">%WIPEStatus</Str>
			<Str sr="arg1" ve="3">省电模式</Str>
			<Str sr="arg2" ve="3"/>
		</Action>
		<Action sr="act10" ve="7">
			<code>354</code>
			<Str sr="arg0" ve="3">%WIPEStatus</Str>
			<Str sr="arg1" ve="3">极限模式</Str>
			<Str sr="arg2" ve="3"/>
		</Action>
		<Action sr="act11" ve="7">
			<code>547</code>
			<Str sr="arg0" ve="3">%notification</Str>
			<Str sr="arg1" ve="3">android.resource://net.dinglisch.android.taskerm/drawable/mw_image_flash_on</Str>
			<Int sr="arg2" val="0"/>
			<Int sr="arg3" val="0"/>
			<Int sr="arg4" val="0"/>
		</Action>
		<Action sr="act12" ve="7">
			<code>38</code>
		</Action>
		<Action sr="act13" ve="7">
			<code>37</code>
			<ConditionList sr="if">
				<Condition sr="c0" ve="3">
					<lhs>%WIPEStatus</lhs>
					<op>2</op>
					<rhs>*done*</rhs>
				</Condition>
			</ConditionList>
		</Action>
		<Action sr="act14" ve="7">
			<code>779</code>
			<Str sr="arg0" ve="3"/>
			<Int sr="arg1" val="0"/>
		</Action>
		<Action sr="act15" ve="7">
			<code>523</code>
			<Str sr="arg0" ve="3">Dynamic WIPE</Str>
			<Str sr="arg1" ve="3">%WIPEStatus(1)启用成功</Str>
			<Str sr="arg10" ve="3"/>
			<Str sr="arg11" ve="3">super_tasker_notifications_created_by_me_the_developer</Str>
			<Img sr="arg2" ve="2">
				<var>%notification</var>
			</Img>
			<Int sr="arg3" val="0"/>
			<Int sr="arg4" val="0"/>
			<Int sr="arg5" val="4"/>
			<Int sr="arg6" val="0"/>
			<Int sr="arg7" val="0"/>
			<Int sr="arg8" val="0"/>
			<Str sr="arg9" ve="3"/>
		</Action>
		<Action sr="act16" ve="7">
			<code>548</code>
			<Str sr="arg0" ve="3">Dynamic WIPE: %WIPEStatus(1)</Str>
			<Int sr="arg1" val="1"/>
		</Action>
		<Action sr="act17" ve="7">
			<code>61</code>
			<Int sr="arg0" val="10"/>
		</Action>
		<Action sr="act18" ve="7">
			<code>43</code>
		</Action>
		<Action sr="act19" ve="7">
			<code>548</code>
			<Str sr="arg0" ve="3">Dynamic WIPE 启动失败!</Str>
			<Int sr="arg1" val="1"/>
		</Action>
		<Action sr="act2" ve="7">
			<code>547</code>
			<Str sr="arg0" ve="3">%notification</Str>
			<Str sr="arg1" ve="3">android.resource://net.dinglisch.android.taskerm/drawable/mw_device_battery_full</Str>
			<Int sr="arg2" val="0"/>
			<Int sr="arg3" val="0"/>
			<Int sr="arg4" val="0"/>
		</Action>
		<Action sr="act20" ve="7">
			<code>38</code>
		</Action>
		<Action sr="act3" ve="7">
			<code>43</code>
			<ConditionList sr="if">
				<Condition sr="c0" ve="3">
					<lhs>%WIPEStatus</lhs>
					<op>4</op>
					<rhs>balance done</rhs>
				</Condition>
			</ConditionList>
		</Action>
		<Action sr="act4" ve="7">
			<code>354</code>
			<Str sr="arg0" ve="3">%WIPEStatus</Str>
			<Str sr="arg1" ve="3">均衡模式</Str>
			<Str sr="arg2" ve="3"/>
		</Action>
		<Action sr="act5" ve="7">
			<code>547</code>
			<Str sr="arg0" ve="3">%notification</Str>
			<Str sr="arg1" ve="3">android.resource://net.dinglisch.android.taskerm/drawable/mw_hardware_watch</Str>
			<Int sr="arg2" val="0"/>
			<Int sr="arg3" val="0"/>
			<Int sr="arg4" val="0"/>
		</Action>
		<Action sr="act6" ve="7">
			<code>43</code>
			<ConditionList sr="if">
				<Condition sr="c0" ve="3">
					<lhs>%WIPEStatus</lhs>
					<op>4</op>
					<rhs>performance done</rhs>
				</Condition>
			</ConditionList>
		</Action>
		<Action sr="act7" ve="7">
			<code>354</code>
			<Str sr="arg0" ve="3">%WIPEStatus</Str>
			<Str sr="arg1" ve="3">游戏模式</Str>
			<Str sr="arg2" ve="3"/>
		</Action>
		<Action sr="act8" ve="7">
			<code>547</code>
			<Str sr="arg0" ve="3">%notification</Str>
			<Str sr="arg1" ve="3">android.resource://net.dinglisch.android.taskerm/drawable/mw_av_games</Str>
			<Int sr="arg2" val="0"/>
			<Int sr="arg3" val="0"/>
			<Int sr="arg4" val="0"/>
		</Action>
		<Action sr="act9" ve="7">
			<code>43</code>
			<ConditionList sr="if">
				<Condition sr="c0" ve="3">
					<lhs>%WIPEStatus</lhs>
					<op>4</op>
					<rhs>fast done</rhs>
				</Condition>
			</ConditionList>
		</Action>
		<Img sr="icn" ve="2">
			<nme>hl_aaa_ext_bug</nme>
		</Img>
	</Task>
	<Task sr="task28">
		<cdate>1528600584967</cdate>
		<edate>1561725998026</edate>
		<id>28</id>
		<nme>均衡使用</nme>
		<pri>6</pri>
		<Action sr="act0" ve="7">
			<code>130</code>
			<Str sr="arg0" ve="3">- 下载</Str>
			<Int sr="arg1">
				<var>%priority</var>
			</Int>
			<Str sr="arg2" ve="3"/>
			<Str sr="arg3" ve="3"/>
			<Str sr="arg4" ve="3"/>
			<Int sr="arg5" val="0"/>
		</Action>
		<Action sr="act1" ve="7">
			<code>37</code>
			<label>游戏或火力全开模式中关开屏幕</label>
			<ConditionList sr="if">
				<Condition sr="c0" ve="3">
					<lhs>%switch_screen</lhs>
					<op>2</op>
					<rhs>0</rhs>
				</Condition>
			</ConditionList>
		</Action>
		<Action sr="act10" ve="7">
			<code>137</code>
			<label>如果当前模式为均衡则任务停止</label>
			<Int sr="arg0" val="0"/>
			<Str sr="arg1" ve="3">均衡使用</Str>
			<ConditionList sr="if">
				<Condition sr="c0" ve="3">
					<lhs>%WIPEStatus</lhs>
					<op>4</op>
					<rhs>balance done</rhs>
				</Condition>
			</ConditionList>
		</Action>
		<Action sr="act11" ve="7">
			<code>30</code>
			<label>屏幕开启时间</label>
			<Int sr="arg0" val="0"/>
			<Int sr="arg1" val="0"/>
			<Int sr="arg2" val="3"/>
			<Int sr="arg3" val="0"/>
			<Int sr="arg4" val="0"/>
		</Action>
		<Action sr="act12" ve="7">
			<code>37</code>
			<ConditionList sr="if">
				<Condition sr="c0" ve="3">
					<lhs>%SCREEN</lhs>
					<op>2</op>
					<rhs>on</rhs>
				</Condition>
			</ConditionList>
		</Action>
		<Action sr="act13" ve="7">
			<code>123</code>
			<label>均衡模式</label>
			<Str sr="arg0" ve="3">/vendor/bin/sh /vendor/bin/powercfg.sh balance</Str>
			<Int sr="arg1" val="0"/>
			<Int sr="arg2" val="1"/>
			<Str sr="arg3" ve="3">%WIPEStatus</Str>
			<Str sr="arg4" ve="3">%WIPEStatus</Str>
			<Str sr="arg5" ve="3"/>
		</Action>
		<Action sr="act14" ve="7">
			<code>130</code>
			<Str sr="arg0" ve="3">- 通知</Str>
			<Int sr="arg1">
				<var>%priority</var>
			</Int>
			<Str sr="arg2" ve="3"/>
			<Str sr="arg3" ve="3"/>
			<Str sr="arg4" ve="3"/>
			<Int sr="arg5" val="0"/>
		</Action>
		<Action sr="act15" ve="7">
			<code>38</code>
		</Action>
		<Action sr="act16" ve="7">
			<code>38</code>
		</Action>
		<Action sr="act2" ve="7">
			<code>549</code>
			<Str sr="arg0" ve="3">%switch_screen</Str>
			<Int sr="arg1" val="0"/>
			<Int sr="arg2" val="0"/>
		</Action>
		<Action sr="act3" ve="7">
			<code>137</code>
			<Int sr="arg0" val="0"/>
			<Str sr="arg1" ve="3">均衡使用</Str>
		</Action>
		<Action sr="act4" ve="7">
			<code>43</code>
			<label>游戏或火力全开模式</label>
			<ConditionList sr="if">
				<bool0>Or</bool0>
				<bool1>And</bool1>
				<Condition sr="c0" ve="3">
					<lhs>%WIPEStatus</lhs>
					<op>4</op>
					<rhs>performance done</rhs>
				</Condition>
				<Condition sr="c1" ve="3">
					<lhs>%WIPEStatus</lhs>
					<op>4</op>
					<rhs>fast done</rhs>
				</Condition>
				<Condition sr="c2" ve="3">
					<lhs>%switch_screen</lhs>
					<op>13</op>
					<rhs></rhs>
				</Condition>
			</ConditionList>
		</Action>
		<Action sr="act5" ve="7">
			<code>547</code>
			<label>应用在后台运行时间超过x分钟（3*60表示3分钟）</label>
			<Str sr="arg0" ve="3">%exit_app_times</Str>
			<Str sr="arg1" ve="3">%TIMES+3*60</Str>
			<Int sr="arg2" val="0"/>
			<Int sr="arg3" val="1"/>
			<Int sr="arg4" val="0"/>
		</Action>
		<Action sr="act6" ve="7">
			<code>35</code>
			<Int sr="arg0" val="0"/>
			<Int sr="arg1" val="1"/>
			<Int sr="arg2" val="0"/>
			<Int sr="arg3" val="0"/>
			<Int sr="arg4" val="0"/>
			<ConditionList sr="if">
				<Condition sr="c0" ve="3">
					<lhs>%TIMES-%exit_app_times</lhs>
					<op>7</op>
					<rhs>-1</rhs>
				</Condition>
			</ConditionList>
		</Action>
		<Action sr="act7" ve="7">
			<code>135</code>
			<label>恢复均衡模式</label>
			<Int sr="arg0" val="1"/>
			<Int sr="arg1" val="1"/>
			<Str sr="arg2" ve="3">均衡模式</Str>
			<ConditionList sr="if">
				<Condition sr="c0" ve="3">
					<lhs>%exit_app_times</lhs>
					<op>12</op>
					<rhs>-1</rhs>
				</Condition>
			</ConditionList>
		</Action>
		<Action sr="act8" ve="7">
			<code>43</code>
			<label>均衡或省电模式</label>
		</Action>
		<Action sr="act9" ve="7">
			<code>137</code>
			<label>省电任务停止</label>
			<Int sr="arg0" val="0"/>
			<Str sr="arg1" ve="3">省电流畅</Str>
		</Action>
	</Task>
	<Task sr="task29">
		<cdate>1528600734643</cdate>
		<edate>1561726006048</edate>
		<id>29</id>
		<nme>省电流畅</nme>
		<pri>6</pri>
		<Action sr="act0" ve="7">
			<code>130</code>
			<Str sr="arg0" ve="3">- 下载</Str>
			<Int sr="arg1">
				<var>%priority</var>
			</Int>
			<Str sr="arg2" ve="3"/>
			<Str sr="arg3" ve="3"/>
			<Str sr="arg4" ve="3"/>
			<Int sr="arg5" val="0"/>
		</Action>
		<Action sr="act1" ve="7">
			<code>137</code>
			<Int sr="arg0" val="0"/>
			<Str sr="arg1" ve="3">均衡使用</Str>
		</Action>
		<Action sr="act2" ve="7">
			<code>137</code>
			<Int sr="arg0" val="0"/>
			<Str sr="arg1" ve="3">省电流畅</Str>
			<ConditionList sr="if">
				<Condition sr="c0" ve="3">
					<lhs>%WIPEStatus</lhs>
					<op>4</op>
					<rhs>powersave done</rhs>
				</Condition>
			</ConditionList>
		</Action>
		<Action sr="act3" ve="7">
			<code>547</code>
			<Str sr="arg0" ve="3">%switch_screen</Str>
			<Str sr="arg1" ve="3">0</Str>
			<Int sr="arg2" val="0"/>
			<Int sr="arg3" val="1"/>
			<Int sr="arg4" val="0"/>
			<ConditionList sr="if">
				<bool0>Or</bool0>
				<Condition sr="c0" ve="3">
					<lhs>%WIPEStatus</lhs>
					<op>4</op>
					<rhs>performance done</rhs>
				</Condition>
				<Condition sr="c1" ve="3">
					<lhs>%WIPEStatus</lhs>
					<op>4</op>
					<rhs>fast done</rhs>
				</Condition>
			</ConditionList>
		</Action>
		<Action sr="act4" ve="7">
			<code>30</code>
			<label>屏幕关闭时间</label>
			<Int sr="arg0" val="0"/>
			<Int sr="arg1" val="0"/>
			<Int sr="arg2" val="3"/>
			<Int sr="arg3" val="0"/>
			<Int sr="arg4" val="0"/>
		</Action>
		<Action sr="act5" ve="7">
			<code>37</code>
			<ConditionList sr="if">
				<Condition sr="c0" ve="3">
					<lhs>%SCREEN</lhs>
					<op>2</op>
					<rhs>off</rhs>
				</Condition>
			</ConditionList>
		</Action>
		<Action sr="act6" ve="7">
			<code>123</code>
			<label>省电模式</label>
			<Str sr="arg0" ve="3">/vendor/bin/sh /vendor/bin/powercfg.sh powersave</Str>
			<Int sr="arg1" val="0"/>
			<Int sr="arg2" val="1"/>
			<Str sr="arg3" ve="3">%WIPEStatus</Str>
			<Str sr="arg4" ve="3">%WIPEStatus</Str>
			<Str sr="arg5" ve="3"/>
		</Action>
		<Action sr="act7" ve="7">
			<code>130</code>
			<Str sr="arg0" ve="3">- 通知</Str>
			<Int sr="arg1">
				<var>%priority</var>
			</Int>
			<Str sr="arg2" ve="3"/>
			<Str sr="arg3" ve="3"/>
			<Str sr="arg4" ve="3"/>
			<Int sr="arg5" val="0"/>
		</Action>
		<Action sr="act8" ve="7">
			<code>38</code>
		</Action>
	</Task>
	<Task sr="task34">
		<cdate>1528600883316</cdate>
		<edate>1561725995020</edate>
		<id>34</id>
		<nme>游戏模式</nme>
		<Action sr="act0" ve="7">
			<code>130</code>
			<Str sr="arg0" ve="3">- 下载</Str>
			<Int sr="arg1">
				<var>%priority</var>
			</Int>
			<Str sr="arg2" ve="3"/>
			<Str sr="arg3" ve="3"/>
			<Str sr="arg4" ve="3"/>
			<Int sr="arg5" val="0"/>
		</Action>
		<Action sr="act1" ve="7">
			<code>549</code>
			<Str sr="arg0" ve="3">%exit_app_times</Str>
			<Int sr="arg1" val="0"/>
			<Int sr="arg2" val="0"/>
		</Action>
		<Action sr="act2" ve="7">
			<code>137</code>
			<Int sr="arg0" val="0"/>
			<Str sr="arg1" ve="3">均衡使用</Str>
		</Action>
		<Action sr="act3" ve="7">
			<code>137</code>
			<Int sr="arg0" val="0"/>
			<Str sr="arg1" ve="3">游戏模式</Str>
			<ConditionList sr="if">
				<Condition sr="c0" ve="3">
					<lhs>%WIPEStatus</lhs>
					<op>4</op>
					<rhs>performance done</rhs>
				</Condition>
			</ConditionList>
		</Action>
		<Action sr="act4" ve="7">
			<code>123</code>
			<label>游戏模式</label>
			<Str sr="arg0" ve="3">/vendor/bin/sh /vendor/bin/powercfg.sh performance</Str>
			<Int sr="arg1" val="0"/>
			<Int sr="arg2" val="1"/>
			<Str sr="arg3" ve="3">%WIPEStatus</Str>
			<Str sr="arg4" ve="3">%WIPEStatus</Str>
			<Str sr="arg5" ve="3"/>
		</Action>
		<Action sr="act5" ve="7">
			<code>130</code>
			<Str sr="arg0" ve="3">- 通知</Str>
			<Int sr="arg1">
				<var>%priority</var>
			</Int>
			<Str sr="arg2" ve="3"/>
			<Str sr="arg3" ve="3"/>
			<Str sr="arg4" ve="3"/>
			<Int sr="arg5" val="0"/>
		</Action>
	</Task>
	<Task sr="task35">
		<cdate>1528600956043</cdate>
		<edate>1561725988592</edate>
		<id>35</id>
		<nme>火力全开</nme>
		<pri>100</pri>
		<Action sr="act0" ve="7">
			<code>130</code>
			<Str sr="arg0" ve="3">- 下载</Str>
			<Int sr="arg1">
				<var>%priority</var>
			</Int>
			<Str sr="arg2" ve="3"/>
			<Str sr="arg3" ve="3"/>
			<Str sr="arg4" ve="3"/>
			<Int sr="arg5" val="0"/>
		</Action>
		<Action sr="act1" ve="7">
			<code>549</code>
			<Str sr="arg0" ve="3">%exit_app_times</Str>
			<Int sr="arg1" val="0"/>
			<Int sr="arg2" val="0"/>
		</Action>
		<Action sr="act2" ve="7">
			<code>137</code>
			<Int sr="arg0" val="0"/>
			<Str sr="arg1" ve="3">均衡使用</Str>
		</Action>
		<Action sr="act3" ve="7">
			<code>137</code>
			<Int sr="arg0" val="0"/>
			<Str sr="arg1" ve="3">火力全开</Str>
			<ConditionList sr="if">
				<Condition sr="c0" ve="3">
					<lhs>%WIPEStatus</lhs>
					<op>4</op>
					<rhs>fast done</rhs>
				</Condition>
			</ConditionList>
		</Action>
		<Action sr="act4" ve="7">
			<code>123</code>
			<label>火力全开</label>
			<Str sr="arg0" ve="3">/vendor/bin/sh /vendor/bin/powercfg.sh fast</Str>
			<Int sr="arg1" val="0"/>
			<Int sr="arg2" val="1"/>
			<Str sr="arg3" ve="3">%WIPEStatus</Str>
			<Str sr="arg4" ve="3">%WIPEStatus</Str>
			<Str sr="arg5" ve="3"/>
		</Action>
		<Action sr="act5" ve="7">
			<code>130</code>
			<Str sr="arg0" ve="3">- 通知</Str>
			<Int sr="arg1">
				<var>%priority</var>
			</Int>
			<Str sr="arg2" ve="3"/>
			<Str sr="arg3" ve="3"/>
			<Str sr="arg4" ve="3"/>
			<Int sr="arg5" val="0"/>
		</Action>
	</Task>
	<Task sr="task36">
		<cdate>1528601066929</cdate>
		<edate>1561725558150</edate>
		<id>36</id>
		<nme>- shØut</nme>
		<pri>100</pri>
		<Action sr="act0" ve="7">
			<code>130</code>
			<label>开机自启 → 均衡模式</label>
			<Str sr="arg0" ve="3">- 下载</Str>
			<Int sr="arg1">
				<var>%priority</var>
			</Int>
			<Str sr="arg2" ve="3"/>
			<Str sr="arg3" ve="3"/>
			<Str sr="arg4" ve="3"/>
			<Int sr="arg5" val="0"/>
		</Action>
		<Action sr="act1" ve="7">
			<code>123</code>
			<Str sr="arg0" ve="3">/vendor/bin/sh /vendor/bin/powercfg.sh balance</Str>
			<Int sr="arg1" val="0"/>
			<Int sr="arg2" val="1"/>
			<Str sr="arg3" ve="3">%WIPEStatus</Str>
			<Str sr="arg4" ve="3">%WIPEStatus</Str>
			<Str sr="arg5" ve="3"/>
		</Action>
		<Action sr="act2" ve="7">
			<code>130</code>
			<Str sr="arg0" ve="3">- 通知</Str>
			<Int sr="arg1">
				<var>%priority</var>
			</Int>
			<Str sr="arg2" ve="3"/>
			<Str sr="arg3" ve="3"/>
			<Str sr="arg4" ve="3"/>
			<Int sr="arg5" val="0"/>
		</Action>
		<Img sr="icn" ve="2">
			<nme>hl_aaa_ext_coffee</nme>
		</Img>
	</Task>
</TaskerData>
